conf_id,receiver_id,sender_id,send_time,recv_time,type
387733739,1351147258,2040550700,1737332239397492384,1737332311277916334,audio
387733739,1351147258,2040550700,1737332240421492384,1737332311301127998,audio
387733739,1351147258,2040550700,1737332241445492384,1737332311324471317,audio
387733739,1351147258,2040550700,1737332242469492384,1737332311347976091,audio
387733739,1351147258,2040550700,1737332243493492384,1737332311371324567,audio
387733739,1351147258,2040550700,1737332244517492384,1737332311394539676,audio
387733739,1351147258,2040550700,1737332245541492384,1737332311417990134,audio
387733739,1351147258,2040550700,1737332246565492384,1737332311441530394,audio
387733739,1351147258,2040550700,1737332247589492384,1737332311464686814,audio
387733739,1351147258,2040550700,1737332248613492384,1737332311488036771,audio
387733739,1351147258,2040550700,1737332249637492384,1737332311511656558,audio
387733739,1351147258,2040550700,1737332250661492384,1737332311532975522,audio
387733739,1351147258,2040550700,1737332251685492384,1737332311534912050,audio
387733739,1351147258,2040550700,1737332252709492384,1737332311558292897,audio
387733739,1351147258,2040550700,1737332253733492384,1737332311582937559,audio
387733739,1351147258,2040550700,1737332254757492384,1737332311613509726,audio
387733739,1351147258,2040550700,1737332255781492384,1737332311629994171,audio
387733739,1351147258,2040550700,1737332256805492384,1737332311652494701,audio
387733739,1351147258,2040550700,1737332257829492384,1737332311677544729,audio
387733739,1351147258,2040550700,1737332258853492384,1737332311702156870,audio
387733739,1351147258,2040550700,1737332259877492384,1737332311724569233,audio
387733739,1351147258,2040550700,1737332260901492384,1737332311768076575,audio
387733739,1351147258,2040550700,1737332261925492384,1737332311791518352,audio
387733739,1351147258,2040550700,1737332262949492384,1737332311813029784,audio
387733739,1351147258,2040550700,1737332263973492384,1737332311829175849,audio
387733739,1351147258,2040550700,1737332264997492384,1737332311852550360,audio
387733739,1351147258,2040550700,1737332266021492384,1737332311871988467,audio
387733739,1351147258,2040550700,1737332267045492384,1737332311886166238,audio
387733739,1351147258,2040550700,1737332268069492384,1737332311909033289,audio
387733739,1351147258,2040550700,1737332269093492384,1737332311931573539,audio
387733739,1351147258,2040550700,1737332270117492384,1737332311954950205,audio
387733739,1351147258,2040550700,1737332271141492384,1737332311978276083,audio
387733739,1351147258,2040550700,1737332272165492384,1737332312001546760,audio
387733739,1351147258,2040550700,1737332273189492384,1737332312024890990,audio
387733739,1351147258,2040550700,1737332274213492384,1737332312048220924,audio
387733739,1351147258,2040550700,1737332275237492384,1737332312071725488,audio
387733739,1351147258,2040550700,1737332276261492384,1737332312093348834,audio
387733739,1351147258,2040550700,1737332277285492384,1737332312095296271,audio
387733739,1351147258,2040550700,1737332278309492384,1737332312118475954,audio
387733739,1351147258,2040550700,1737332279333492384,1737332312141890137,audio
387733739,1351147258,2040550700,1737332280357492384,1737332312165378367,audio
387733739,1351147258,2040550700,1737332281381492384,1737332312188696922,audio
387733739,1351147258,2040550700,1737332282405492384,1737332312212201040,audio
387733739,1351147258,2040550700,1737332283429492384,1737332312235811548,audio
387733739,1351147258,2040550700,1737332284453492384,1737332312276539422,audio
387733739,1351147258,2040550700,1737332285477492384,1737332312298977793,audio
387733739,1351147258,2040550700,1737332286501492384,1737332312322570242,audio
387733739,1351147258,2040550700,1737332287525492384,1737332312346741021,audio
387733739,1351147258,2040550700,1737332288549492384,1737332312367488983,audio
387733739,1351147258,2040550700,1737332289573492384,1737332312369802668,audio
387733739,1351147258,2040550700,1737332290597492384,1737332312392993031,audio
387733739,1351147258,2040550700,1737332291621492384,1737332312417701913,audio
387733739,1351147258,2040550700,1737332292645492384,1737332312450788145,audio
387733739,1351147258,2040550700,1737332293669492384,1737332312463481462,audio
387733739,1351147258,2040550700,1737332294693492384,1737332312487642720,audio
387733739,1351147258,2040550700,1737332295717492384,1737332312509812252,audio
387733739,1351147258,2040550700,1737332296741492384,1737332312533221564,audio
387733739,1351147258,2040550700,1737332297765492384,1737332312556446470,audio
387733739,1351147258,2040550700,1737332298789492384,1737332312580136026,audio
387733739,1351147258,2040550700,1737332299813492384,1737332312603481382,audio
387733739,1351147258,2040550700,1737332300837492384,1737332312629320658,audio
387733739,1351147258,2040550700,1737332301861492384,1737332312631149193,audio
387733739,1351147258,2040550700,1737332302885492384,1737332312652171909,audio
387733739,1351147258,2040550700,1737332303909492384,1737332312674030371,audio
387733739,1351147258,2040550700,1737332304933492384,1737332312697372972,audio
387733739,1351147258,2040550700,1737332305957492384,1737332312720893571,audio
387733739,1351147258,2040550700,1737332306981492384,1737332312744188714,audio
387733739,1351147258,2040550700,1737332308005492384,1737332312789400302,audio
387733739,1351147258,2040550700,1737332309029492384,1737332312815360753,audio
387733739,1351147258,2040550700,1737332310053492384,1737332312836477292,audio
387733739,1351147258,2040550700,1737332311077492384,1737332312859877242,audio
387733739,1351147258,2040550700,1737332312101492384,1737332312884496673,audio
387733739,1351147258,2040550700,1737332313125492384,1737332312908015520,audio
387733739,1351147258,2040550700,1737332275316492384,1737332312913232603,video
387733739,1351147258,2040550700,1737332314149492384,1737332312928450103,audio
387733739,1351147258,2040550700,1737332315173492384,1737332312930507882,audio
387733739,1351147258,2040550700,1737332275316492384,1737332312940152825,video
387733739,1351147258,2040550700,1737332275333492384,1737332312947678251,video
387733739,1351147258,2040550700,1737332316197492384,1737332312953928258,audio
387733739,1351147258,2040550700,1737332275333992384,1737332312974491092,video
387733739,1351147258,2040550700,1737332275350492384,1737332312982208088,video
387733739,1351147258,2040550700,1737332317221492384,1737332312986200324,audio
387733739,1351147258,2040550700,1737332318245492384,1737332313000609215,audio
387733739,1351147258,2040550700,1737332275350992384,1737332313007861468,video
387733739,1351147258,2040550700,1737332275367492384,1737332313017039218,video
387733739,1351147258,2040550700,1737332319269492384,1737332313024082296,audio
387733739,1351147258,2040550700,1737332320293492384,1737332313047556408,audio
387733739,1351147258,2040550700,1737332321317492384,1737332313070821448,audio
387733739,1351147258,2040550700,1737332322341492384,1737332313094728942,audio
387733739,1351147258,2040550700,1737332323365492384,1737332313118487664,audio
387733739,1351147258,2040550700,1737332324389492384,1737332313141862479,audio
387733739,1351147258,2040550700,1737332325413492384,1737332313173593651,audio
387733739,1351147258,2040550700,1737332326437492384,1737332313187552219,audio
387733739,1351147258,2040550700,1737332327461492384,1737332313196670732,audio
387733739,1351147258,2040550700,1737332328485492384,1737332313217163440,audio
387733739,1351147258,2040550700,1737332329509492384,1737332313240796007,audio
387733739,1351147258,2040550700,1737332330533492384,1737332313264291544,audio
387733739,1351147258,2040550700,1737332275367992384,1737332313289075294,video
387733739,1351147258,2040550700,1737332331557492384,1737332313311122123,audio
387733739,1351147258,2040550700,1737332332581492384,1737332313332149439,audio
387733739,1351147258,2040550700,1737332275384992384,1737332313332748388,video
387733739,1351147258,2040550700,1737332275385492384,1737332313333819686,video
387733739,1351147258,2040550700,1737332275401992384,1737332313352403314,video
387733739,1351147258,2040550700,1737332333605492384,1737332313358430574,audio
387733739,1351147258,2040550700,1737332275402492384,1737332313359886411,video
387733739,1351147258,2040550700,1737332334629492384,1737332313378325201,audio
387733739,1351147258,2040550700,1737332275418992384,1737332313385475277,video
387733739,1351147258,2040550700,1737332275419492384,1737332313387276552,video
387733739,1351147258,2040550700,1737332335653492384,1737332313402943943,audio
387733739,1351147258,2040550700,1737332275571992384,1737332313419950549,video
387733739,1351147258,2040550700,1737332275572992384,1737332313422075056,video
387733739,1351147258,2040550700,1737332336677492384,1737332313428685030,audio
387733739,1351147258,2040550700,1737332337701492384,1737332313445456396,audio
387733739,1351147258,2040550700,1737332275588992384,1737332313454215208,video
387733739,1351147258,2040550700,1737332275589992384,1737332313455699431,video
387733739,1351147258,2040550700,1737332338725492384,1737332313471456180,audio
387733739,1351147258,2040550700,1737332339749492384,1737332313473236695,audio
387733739,1351147258,2040550700,1737332275605992384,1737332313488718686,video
387733739,1351147258,2040550700,1737332275606992384,1737332313490034547,video
387733739,1351147258,2040550700,1737332340773492384,1737332313499230287,audio
387733739,1351147258,2040550700,1737332341797492384,1737332313515243822,audio
387733739,1351147258,2040550700,1737332275623492384,1737332313522715246,video
387733739,1351147258,2040550700,1737332275623992384,1737332313526603681,video
387733739,1351147258,2040550700,1737332342821492384,1737332313540759216,audio
387733739,1351147258,2040550700,1737332343845492384,1737332313561603455,audio
387733739,1351147258,2040550700,1737332344869492384,1737332313585011417,audio
387733739,1351147258,2040550700,1737332345893492384,1737332313608185633,audio
387733739,1351147258,2040550700,1737332346917492384,1737332313631735393,audio
387733739,1351147258,2040550700,1737332347941492384,1737332313654985078,audio
387733739,1351147258,2040550700,1737332348965492384,1737332313678419010,audio
387733739,1351147258,2040550700,1737332349989492384,1737332313702041679,audio
387733739,1351147258,2040550700,1737332351013492384,1737332313724141221,audio
387733739,1351147258,2040550700,1737332352037492384,1737332313726684731,audio
387733739,1351147258,2040550700,1737332353061492384,1737332313748544101,audio
387733739,1351147258,2040550700,1737332354085492384,1737332313771890546,audio
387733739,1351147258,2040550700,1737332275639992384,1737332313797017297,video
387733739,1351147258,2040550700,1737332355109492384,1737332313814225289,audio
387733739,1351147258,2040550700,1737332275640992384,1737332313831201345,video
387733739,1351147258,2040550700,1737332356133492384,1737332313852943816,audio
387733739,1351147258,2040550700,1737332275656992384,1737332313853238882,video
387733739,1351147258,2040550700,1737332357157492384,1737332313862289017,audio
387733739,1351147258,2040550700,1737332275657992384,1737332313868245677,video
387733739,1351147258,2040550700,1737332275673992384,1737332313876705620,video
387733739,1351147258,2040550700,1737332358181492384,1737332313896012453,audio
387733739,1351147258,2040550700,1737332275674992384,1737332313904705458,video
387733739,1351147258,2040550700,1737332275690992384,1737332313907037248,video
387733739,1351147258,2040550700,1737332359205492384,1737332313925395866,audio
387733739,1351147258,2040550700,1737332360229492384,1737332313934369281,audio
387733739,1351147258,2040550700,1737332275828492384,1737332313943363106,video
387733739,1351147258,2040550700,1737332275829492384,1737332313949666742,video
387733739,1351147258,2040550700,1737332361253492384,1737332313964519286,audio
387733739,1351147258,2040550700,1737332275845492384,1737332313975050622,video
387733739,1351147258,2040550700,1737332275846492384,1737332313978413946,video
387733739,1351147258,2040550700,1737332362277492384,1737332313997233390,audio
387733739,1351147258,2040550700,1737332363301492384,1737332314003629268,audio
387733739,1351147258,2040550700,1737332275862492384,1737332314010625494,video
387733739,1351147258,2040550700,1737332275863492384,1737332314021112264,video
387733739,1351147258,2040550700,1737332364325492384,1737332314032924412,audio
387733739,1351147258,2040550700,1737332365349492384,1737332314035364768,audio
387733739,1351147258,2040550700,1737332275879992384,1737332314045866553,video
387733739,1351147258,2040550700,1737332366373492384,1737332314050647538,audio
387733739,1351147258,2040550700,1737332367397492384,1737332314074371886,audio
387733739,1351147258,2040550700,1737332368421492384,1737332314096834937,audio
387733739,1351147258,2040550700,1737332369445492384,1737332314120195171,audio
387733739,1351147258,2040550700,1737332370469492384,1737332314143782810,audio
387733739,1351147258,2040550700,1737332371493492384,1737332314167776868,audio
387733739,1351147258,2040550700,1737332372517492384,1737332314190476844,audio
387733739,1351147258,2040550700,1737332373541492384,1737332314213817112,audio
387733739,1351147258,2040550700,1737332374565492384,1737332314237008379,audio
387733739,1351147258,2040550700,1737332375589492384,1737332314261187670,audio
387733739,1351147258,2040550700,1737332376613492384,1737332314282168672,audio
387733739,1351147258,2040550700,1737332377637492384,1737332314284314003,audio
387733739,1351147258,2040550700,1737332275880992384,1737332314308635731,video
387733739,1351147258,2040550700,1737332378661492384,1737332314327025834,audio
387733739,1351147258,2040550700,1737332379685492384,1737332314349538832,audio
387733739,1351147258,2040550700,1737332275896992384,1737332314350438435,video
387733739,1351147258,2040550700,1737332275897992384,1737332314351411264,video
387733739,1351147258,2040550700,1737332380709492384,1737332314371408648,audio
387733739,1351147258,2040550700,1737332275913992384,1737332314376398588,video
387733739,1351147258,2040550700,1737332275914992384,1737332314379002153,video
387733739,1351147258,2040550700,1737332381733492384,1737332314395006614,audio
387733739,1351147258,2040550700,1737332275930992384,1737332314411141543,video
387733739,1351147258,2040550700,1737332275931992384,1737332314414215664,video
387733739,1351147258,2040550700,1737332382757492384,1737332314421271462,audio
387733739,1351147258,2040550700,1737332383781492384,1737332314441986758,audio
387733739,1351147258,2040550700,1737332275948492384,1737332314446175444,video
387733739,1351147258,2040550700,1737332276082992384,1737332314449901785,video
387733739,1351147258,2040550700,1737332384805492384,1737332314465774438,audio
387733739,1351147258,2040550700,1737332276083492384,1737332314483288634,video
387733739,1351147258,2040550700,1737332276099992384,1737332314485925446,video
387733739,1351147258,2040550700,1737332385829492384,1737332314493571875,audio
387733739,1351147258,2040550700,1737332386853492384,1737332314511784217,audio
387733739,1351147258,2040550700,1737332276100992384,1737332314517128587,video
387733739,1351147258,2040550700,1737332276117492384,1737332314522428603,video
387733739,1351147258,2040550700,1737332387877492384,1737332314535203412,audio
387733739,1351147258,2040550700,1737332276120492384,1737332314552434526,video
387733739,1351147258,2040550700,1737332388901492384,1737332314557043066,audio
387733739,1351147258,2040550700,1737332389925492384,1737332314563561850,audio
387733739,1351147258,2040550700,1737332390949492384,1737332314581748901,audio
387733739,1351147258,2040550700,1737332391973492384,1737332314605554354,audio
387733739,1351147258,2040550700,1737332392997492384,1737332314629257094,audio
387733739,1351147258,2040550700,1737332394021492384,1737332314652067771,audio
387733739,1351147258,2040550700,1737332395045492384,1737332314675624596,audio
387733739,1351147258,2040550700,1737332396069492384,1737332314699340047,audio
387733739,1351147258,2040550700,1737332397093492384,1737332314722567394,audio
387733739,1351147258,2040550700,1737332398117492384,1737332314746044457,audio
387733739,1351147258,2040550700,1737332399141492384,1737332314769696175,audio
387733739,1351147258,2040550700,1737332400165492384,1737332314792907287,audio
387733739,1351147258,2040550700,1737332276134492384,1737332314818451790,video
387733739,1351147258,2040550700,1737332401189492384,1737332314847284156,audio
387733739,1351147258,2040550700,1737332276137992384,1737332314851952787,video
387733739,1351147258,2040550700,1737332276151492384,1737332314859994023,video
387733739,1351147258,2040550700,1737332402213492384,1737332314869616256,audio
387733739,1351147258,2040550700,1737332403237492384,1737332314872192680,audio
387733739,1351147258,2040550700,1737332276155492384,1737332314887435172,video
387733739,1351147258,2040550700,1737332404261492384,1737332314900328742,audio
387733739,1351147258,2040550700,1737332276168492384,1737332314903238780,video
387733739,1351147258,2040550700,1737332276172492384,1737332314920765394,video
387733739,1351147258,2040550700,1737332405285492384,1737332314927987565,audio
387733739,1351147258,2040550700,1737332276185492384,1737332314933963727,video
387733739,1351147258,2040550700,1737332406309492384,1737332314947623460,audio
387733739,1351147258,2040550700,1737332276189992384,1737332314954908291,video
387733739,1351147258,2040550700,1737332276202992384,1737332314971508338,video
387733739,1351147258,2040550700,1737332407333492384,1737332314973118820,audio
387733739,1351147258,2040550700,1737332276339992384,1737332314989030874,video
387733739,1351147258,2040550700,1737332408357492384,1737332314997913427,audio
387733739,1351147258,2040550700,1737332276340492384,1737332315005785345,video
387733739,1351147258,2040550700,1737332409381492384,1737332315018227145,audio
387733739,1351147258,2040550700,1737332276356992384,1737332315023049478,video
387733739,1351147258,2040550700,1737332276357492384,1737332315039799970,video
387733739,1351147258,2040550700,1737332410405492384,1737332315043422453,audio
387733739,1351147258,2040550700,1737332276374492384,1737332315056939241,video
387733739,1351147258,2040550700,1737332411429492384,1737332315064170768,audio
387733739,1351147258,2040550700,1737332412453492384,1737332315087681716,audio
387733739,1351147258,2040550700,1737332413477492384,1737332315111096733,audio
387733739,1351147258,2040550700,1737332414501492384,1737332315132348597,audio
387733739,1351147258,2040550700,1737332415525492384,1737332315135583195,audio
387733739,1351147258,2040550700,1737332416549492384,1737332315158282453,audio
387733739,1351147258,2040550700,1737332417573492384,1737332315183165704,audio
387733739,1351147258,2040550700,1737332418597492384,1737332315204765658,audio
387733739,1351147258,2040550700,1737332419621492384,1737332315228188355,audio
387733739,1351147258,2040550700,1737332420645492384,1737332315251044148,audio
387733739,1351147258,2040550700,1737332421669492384,1737332315274613318,audio
387733739,1351147258,2040550700,1737332422693492384,1737332315297756959,audio
387733739,1351147258,2040550700,1737332423717492384,1737332315321528988,audio
387733739,1351147258,2040550700,1737332276374992384,1737332315345387178,video
387733739,1351147258,2040550700,1737332424741492384,1737332315362266345,audio
387733739,1351147258,2040550700,1737332276391492384,1737332315379020320,video
387733739,1351147258,2040550700,1737332276391992384,1737332315383087577,video
387733739,1351147258,2040550700,1737332425765492384,1737332315385735053,audio
387733739,1351147258,2040550700,1737332426789492384,1737332315406560634,audio
387733739,1351147258,2040550700,1737332427813492384,1737332315408558129,audio
387733739,1351147258,2040550700,1737332276408492384,1737332315413131820,video
387733739,1351147258,2040550700,1737332276409492384,1737332315428387450,video
387733739,1351147258,2040550700,1737332428837492384,1737332315435288702,audio
387733739,1351147258,2040550700,1737332276425992384,1737332315447328381,video
387733739,1351147258,2040550700,1737332429861492384,1737332315457104980,audio
387733739,1351147258,2040550700,1737332276426492384,1737332315457483113,video
387733739,1351147258,2040550700,1737332430885492384,1737332315478648935,audio
387733739,1351147258,2040550700,1737332276442992384,1737332315481110458,video
387733739,1351147258,2040550700,1737332276444992384,1737332315485567550,video
387733739,1351147258,2040550700,1737332431909492384,1737332315502271543,audio
387733739,1351147258,2040550700,1737332276460492384,1737332315515811737,video
387733739,1351147258,2040550700,1737332276596992384,1737332315522680306,video
387733739,1351147258,2040550700,1737332432933492384,1737332315528387353,audio
387733739,1351147258,2040550700,1737332433957492384,1737332315548513778,audio
387733739,1351147258,2040550700,1737332276597992384,1737332315550104856,video
387733739,1351147258,2040550700,1737332276614992384,1737332315556716749,video
387733739,1351147258,2040550700,1737332434981492384,1737332315572714622,audio
387733739,1351147258,2040550700,1737332276615992384,1737332315584488792,video
387733739,1351147258,2040550700,1737332436005492384,1737332315595163227,audio
387733739,1351147258,2040550700,1737332437029492384,1737332315618487835,audio
387733739,1351147258,2040550700,1737332438053492384,1737332315641937828,audio
387733739,1351147258,2040550700,1737332439077492384,1737332315665003790,audio
387733739,1351147258,2040550700,1737332440101492384,1737332315686492330,audio
387733739,1351147258,2040550700,1737332441125492384,1737332315692736484,audio
387733739,1351147258,2040550700,1737332442149492384,1737332315716030029,audio
387733739,1351147258,2040550700,1737332443173492384,1737332315739482331,audio
387733739,1351147258,2040550700,1737332444197492384,1737332315762836075,audio
387733739,1351147258,2040550700,1737332445221492384,1737332315785950070,audio
387733739,1351147258,2040550700,1737332446245492384,1737332315809929089,audio
387733739,1351147258,2040550700,1737332447269492384,1737332315828648515,audio
387733739,1351147258,2040550700,1737332276633492384,1737332315852668581,video
387733739,1351147258,2040550700,1737332448293492384,1737332315863551307,audio
387733739,1351147258,2040550700,1737332276634492384,1737332315886336288,video
387733739,1351147258,2040550700,1737332276650992384,1737332315890321138,video
387733739,1351147258,2040550700,1737332449317492384,1737332315896199945,audio
387733739,1351147258,2040550700,1737332450341492384,1737332315912666161,audio
387733739,1351147258,2040550700,1737332276651992384,1737332315921311783,video
387733739,1351147258,2040550700,1737332276668992384,1737332315927782387,video
387733739,1351147258,2040550700,1737332451365492384,1737332315943459905,audio
387733739,1351147258,2040550700,1737332276669992384,1737332315956290416,video
387733739,1351147258,2040550700,1737332452389492384,1737332315957197184,audio
387733739,1351147258,2040550700,1737332453413492384,1737332315966756779,audio
387733739,1351147258,2040550700,1737332276686492384,1737332315967152023,video
387733739,1351147258,2040550700,1737332454437492384,1737332315983266333,audio
387733739,1351147258,2040550700,1737332276687992384,1737332315991677623,video
387733739,1351147258,2040550700,1737332276704492384,1737332315997863013,video
387733739,1351147258,2040550700,1737332455461492384,1737332316013862115,audio
387733739,1351147258,2040550700,1737332276704992384,1737332316025354083,video
387733739,1351147258,2040550700,1737332456485492384,1737332316029715204,audio
387733739,1351147258,2040550700,1737332276852492384,1737332316037279498,video
387733739,1351147258,2040550700,1737332457509492384,1737332316053119324,audio
387733739,1351147258,2040550700,1737332276853992384,1737332316061558458,video
387733739,1351147258,2040550700,1737332458533492384,1737332316083650087,audio
387733739,1351147258,2040550700,1737332276869492384,1737332316084129234,video
387733739,1351147258,2040550700,1737332459557492384,1737332316107054835,audio
387733739,1351147258,2040550700,1737332276870992384,1737332316107409078,video
387733739,1351147258,2040550700,1737332460581492384,1737332316128616903,audio
387733739,1351147258,2040550700,1737332461605492384,1737332316146698342,audio
387733739,1351147258,2040550700,1737332462629492384,1737332316169834640,audio
387733739,1351147258,2040550700,1737332463653492384,1737332316193182368,audio
387733739,1351147258,2040550700,1737332464677492384,1737332316214269349,audio
387733739,1351147258,2040550700,1737332465701492384,1737332316223818589,audio
387733739,1351147258,2040550700,1737332466725492384,1737332316247582634,audio
387733739,1351147258,2040550700,1737332467749492384,1737332316270646666,audio
387733739,1351147258,2040550700,1737332468773492384,1737332316295475789,audio
387733739,1351147258,2040550700,1737332469797492384,1737332316321050048,audio
387733739,1351147258,2040550700,1737332470821492384,1737332316334212098,audio
387733739,1351147258,2040550700,1737332276886992384,1737332316358334973,video
387733739,1351147258,2040550700,1737332471845492384,1737332316388489209,audio
387733739,1351147258,2040550700,1737332276888492384,1737332316394166105,video
387733739,1351147258,2040550700,1737332276904492384,1737332316396810740,video
387733739,1351147258,2040550700,1737332472869492384,1737332316411946427,audio
387733739,1351147258,2040550700,1737332276906492384,1737332316427758600,video
387733739,1351147258,2040550700,1737332276922992384,1737332316431506478,video
387733739,1351147258,2040550700,1737332473893492384,1737332316437770167,audio
387733739,1351147258,2040550700,1737332474917492384,1737332316459921213,audio
387733739,1351147258,2040550700,1737332276923992384,1737332316462430954,video
387733739,1351147258,2040550700,1737332276940492384,1737332316468826378,video
387733739,1351147258,2040550700,1737332475941492384,1737332316484793871,audio
387733739,1351147258,2040550700,1737332276942992384,1737332316496644776,video
387733739,1351147258,2040550700,1737332276957492384,1737332316502411185,video
387733739,1351147258,2040550700,1737332476965492384,1737332316511740644,audio
387733739,1351147258,2040550700,1737332477989492384,1737332316530589442,audio
387733739,1351147258,2040550700,1737332276959992384,1737332316532197761,video
387733739,1351147258,2040550700,1737332277107492384,1737332316539865858,video
387733739,1351147258,2040550700,1737332479013492384,1737332316541186422,audio
387733739,1351147258,2040550700,1737332480037492384,1737332316555858391,audio
387733739,1351147258,2040550700,1737332277109992384,1737332316565785240,video
387733739,1351147258,2040550700,1737332481061492384,1737332316584849364,audio
387733739,1351147258,2040550700,1737332277124992384,1737332316585296627,video
387733739,1351147258,2040550700,1737332482085492384,1737332316608282251,audio
387733739,1351147258,2040550700,1737332277129492384,1737332316609116585,video
387733739,1351147258,2040550700,1737332483109492384,1737332316631543059,audio
387733739,1351147258,2040550700,1737332484133492384,1737332316655108122,audio
387733739,1351147258,2040550700,1737332485157492384,1737332316678873387,audio
387733739,1351147258,2040550700,1737332486181492384,1737332316700211782,audio
387733739,1351147258,2040550700,1737332487205492384,1737332316720074689,audio
387733739,1351147258,2040550700,1737332488229492384,1737332316743861663,audio
387733739,1351147258,2040550700,1737332489253492384,1737332316766992950,audio
387733739,1351147258,2040550700,1737332490277492384,1737332316788426552,audio
387733739,1351147258,2040550700,1737332491301492384,1737332316797653178,audio
387733739,1351147258,2040550700,1737332492325492384,1737332316830916458,audio
387733739,1351147258,2040550700,1737332493349492384,1737332316838936911,audio
387733739,1351147258,2040550700,1737332494373492384,1737332316860598458,audio
387733739,1351147258,2040550700,1737332277141992384,1737332316886296818,video
387733739,1351147258,2040550700,1737332277147992384,1737332316919268197,video
387733739,1351147258,2040550700,1737332495397492384,1737332316919997108,audio
387733739,1351147258,2040550700,1737332277158992384,1737332316932977526,video
387733739,1351147258,2040550700,1737332496421492384,1737332316944288002,audio
387733739,1351147258,2040550700,1737332277167492384,1737332316953849521,video
387733739,1351147258,2040550700,1737332277175992384,1737332316960156640,video
387733739,1351147258,2040550700,1737332497445492384,1737332316969528080,audio
387733739,1351147258,2040550700,1737332277184492384,1737332316987893698,video
387733739,1351147258,2040550700,1737332498469492384,1737332316990504191,audio
387733739,1351147258,2040550700,1737332277192992384,1737332317000580210,video
387733739,1351147258,2040550700,1737332499493492384,1737332317013472710,audio
387733739,1351147258,2040550700,1737332277201492384,1737332317021850184,video
387733739,1351147258,2040550700,1737332277209992384,1737332317028154794,video
387733739,1351147258,2040550700,1737332500517492384,1737332317037295818,audio
387733739,1351147258,2040550700,1737332277218492384,1737332317055497205,video
387733739,1351147258,2040550700,1737332501541492384,1737332317071887835,audio
387733739,1351147258,2040550700,1737332277370992384,1737332317072308855,video
387733739,1351147258,2040550700,1737332502565492384,1737332317095223019,audio
387733739,1351147258,2040550700,1737332277373492384,1737332317095814464,video
387733739,1351147258,2040550700,1737332503589492384,1737332317096670185,audio
387733739,1351147258,2040550700,1737332504613492384,1737332317118559477,audio
387733739,1351147258,2040550700,1737332277388492384,1737332317119012524,video
387733739,1351147258,2040550700,1737332505637492384,1737332317142019124,audio
387733739,1351147258,2040550700,1737332277390492384,1737332317142400655,video
387733739,1351147258,2040550700,1737332506661492384,1737332317165531184,audio
387733739,1351147258,2040550700,1737332507685492384,1737332317189193005,audio
387733739,1351147258,2040550700,1737332508709492384,1737332317212716268,audio
387733739,1351147258,2040550700,1737332509733492384,1737332317236042839,audio
387733739,1351147258,2040550700,1737332510757492384,1737332317257499202,audio
387733739,1351147258,2040550700,1737332511781492384,1737332317270178130,audio
387733739,1351147258,2040550700,1737332512805492384,1737332317294034796,audio
387733739,1351147258,2040550700,1737332513829492384,1737332317316882618,audio
387733739,1351147258,2040550700,1737332514853492384,1737332317339218503,audio
387733739,1351147258,2040550700,1737332515877492384,1737332317343375637,audio
387733739,1351147258,2040550700,1737332516901492384,1737332317364117327,audio
387733739,1351147258,2040550700,1737332277405492384,1737332317391757243,video
387733739,1351147258,2040550700,1737332277407492384,1737332317426034835,video
387733739,1351147258,2040550700,1737332277422492384,1737332317431365528,video
387733739,1351147258,2040550700,1737332517925492384,1737332317437797706,audio
387733739,1351147258,2040550700,1737332277424492384,1737332317461393800,video
387733739,1351147258,2040550700,1737332518949492384,1737332317462053557,audio
387733739,1351147258,2040550700,1737332277439492384,1737332317481252469,video
387733739,1351147258,2040550700,1737332519973492384,1737332317483660428,audio
387733739,1351147258,2040550700,1737332277442992384,1737332317497564116,video
387733739,1351147258,2040550700,1737332277456992384,1737332317505209928,video
387733739,1351147258,2040550700,1737332520997492384,1737332317514753749,audio
387733739,1351147258,2040550700,1737332522021492384,1737332317530335708,audio
387733739,1351147258,2040550700,1737332277459992384,1737332317531816688,video
387733739,1351147258,2040550700,1737332277473992384,1737332317549370718,video
387733739,1351147258,2040550700,1737332523045492384,1737332317553757484,audio
387733739,1351147258,2040550700,1737332277476992384,1737332317565925890,video
387733739,1351147258,2040550700,1737332277624992384,1737332317575629553,video
387733739,1351147258,2040550700,1737332524069492384,1737332317598449119,audio
387733739,1351147258,2040550700,1737332525093492384,1737332317621806887,audio
387733739,1351147258,2040550700,1737332277625492384,1737332317622709704,video
387733739,1351147258,2040550700,1737332277641992384,1737332317623720279,video
387733739,1351147258,2040550700,1737332526117492384,1737332317644861112,audio
387733739,1351147258,2040550700,1737332277645492384,1737332317645428615,video
387733739,1351147258,2040550700,1737332527141492384,1737332317668529665,audio
387733739,1351147258,2040550700,1737332528165492384,1737332317692077801,audio
387733739,1351147258,2040550700,1737332529189492384,1737332317695233324,audio
387733739,1351147258,2040550700,1737332530213492384,1737332317715619987,audio
387733739,1351147258,2040550700,1737332531237492384,1737332317739124267,audio
387733739,1351147258,2040550700,1737332532261492384,1737332317762436358,audio
387733739,1351147258,2040550700,1737332533285492384,1737332317786072065,audio
387733739,1351147258,2040550700,1737332534309492384,1737332317812001832,audio
387733739,1351147258,2040550700,1737332535333492384,1737332317844984617,audio
387733739,1351147258,2040550700,1737332536357492384,1737332317847387601,audio
387733739,1351147258,2040550700,1737332537381492384,1737332317860764248,audio
387733739,1351147258,2040550700,1737332538405492384,1737332317883211370,audio
387733739,1351147258,2040550700,1737332277659992384,1737332317908248312,video
387733739,1351147258,2040550700,1737332277662992384,1737332317942699284,video
387733739,1351147258,2040550700,1737332277676992384,1737332317954389714,video
387733739,1351147258,2040550700,1737332539429492384,1737332317957903456,audio
387733739,1351147258,2040550700,1737332277680492384,1737332317976860919,video
387733739,1351147258,2040550700,1737332540453492384,1737332317979566008,audio
387733739,1351147258,2040550700,1737332541477492384,1737332317983932359,audio
387733739,1351147258,2040550700,1737332277693992384,1737332317995594836,video
387733739,1351147258,2040550700,1737332542501492384,1737332318005656661,audio
387733739,1351147258,2040550700,1737332277697492384,1737332318019092991,video
387733739,1351147258,2040550700,1737332277711992384,1737332318025470058,video
387733739,1351147258,2040550700,1737332543525492384,1737332318030526214,audio
387733739,1351147258,2040550700,1737332277714992384,1737332318045656018,video
387733739,1351147258,2040550700,1737332544549492384,1737332318052457178,audio
387733739,1351147258,2040550700,1737332277728992384,1737332318068833263,video
387733739,1351147258,2040550700,1737332545573492384,1737332318091784352,audio
387733739,1351147258,2040550700,1737332277731992384,1737332318092729726,video
387733739,1351147258,2040550700,1737332277877492384,1737332318093655967,video
387733739,1351147258,2040550700,1737332546597492384,1737332318115225391,audio
387733739,1351147258,2040550700,1737332277879492384,1737332318115692834,video
387733739,1351147258,2040550700,1737332547621492384,1737332318136748973,audio
387733739,1351147258,2040550700,1737332277895492384,1737332318137234363,video
387733739,1351147258,2040550700,1737332548645492384,1737332318145836734,audio
387733739,1351147258,2040550700,1737332277897492384,1737332318162743627,video
387733739,1351147258,2040550700,1737332549669492384,1737332318185755590,audio
387733739,1351147258,2040550700,1737332550693492384,1737332318209224943,audio
387733739,1351147258,2040550700,1737332551717492384,1737332318232780163,audio
387733739,1351147258,2040550700,1737332552741492384,1737332318257301055,audio
387733739,1351147258,2040550700,1737332553765492384,1737332318260432326,audio
387733739,1351147258,2040550700,1737332554789492384,1737332318279985063,audio
387733739,1351147258,2040550700,1737332555813492384,1737332318303081283,audio
387733739,1351147258,2040550700,1737332556837492384,1737332318327978602,audio
387733739,1351147258,2040550700,1737332557861492384,1737332318356917533,audio
387733739,1351147258,2040550700,1737332558885492384,1737332318359257448,audio
387733739,1351147258,2040550700,1737332559909492384,1737332318380039557,audio
387733739,1351147258,2040550700,1737332560933492384,1737332318403030231,audio
387733739,1351147258,2040550700,1737332277912492384,1737332318430303761,video
387733739,1351147258,2040550700,1737332561957492384,1737332318460032970,audio
387733739,1351147258,2040550700,1737332277914492384,1737332318463995107,video
387733739,1351147258,2040550700,1737332277929992384,1737332318474288510,video
387733739,1351147258,2040550700,1737332562981492384,1737332318486009841,audio
387733739,1351147258,2040550700,1737332277931992384,1737332318498951003,video
387733739,1351147258,2040550700,1737332564005492384,1737332318509380563,audio
387733739,1351147258,2040550700,1737332277946992384,1737332318512635908,video
387733739,1351147258,2040550700,1737332277949492384,1737332318531689425,video
387733739,1351147258,2040550700,1737332565029492384,1737332318532821269,audio
387733739,1351147258,2040550700,1737332277964492384,1737332318547251690,video
387733739,1351147258,2040550700,1737332566053492384,1737332318553871087,audio
387733739,1351147258,2040550700,1737332567077492384,1737332318556353051,audio
387733739,1351147258,2040550700,1737332277966992384,1737332318573603117,video
387733739,1351147258,2040550700,1737332568101492384,1737332318579604505,audio
387733739,1351147258,2040550700,1737332277981492384,1737332318599277613,video
387733739,1351147258,2040550700,1737332569125492384,1737332318622065603,audio
387733739,1351147258,2040550700,1737332277983992384,1737332318622895386,video
387733739,1351147258,2040550700,1737332278140992384,1737332318623445133,video
387733739,1351147258,2040550700,1737332570149492384,1737332318645538602,audio
387733739,1351147258,2040550700,1737332278143992384,1737332318646379059,video
387733739,1351147258,2040550700,1737332571173492384,1737332318668927305,audio
387733739,1351147258,2040550700,1737332278158492384,1737332318669640321,video
387733739,1351147258,2040550700,1737332278160992384,1737332318670269720,video
387733739,1351147258,2040550700,1737332572197492384,1737332318692191037,audio
387733739,1351147258,2040550700,1737332573221492384,1737332318713650615,audio
387733739,1351147258,2040550700,1737332574245492384,1737332318720091000,audio
387733739,1351147258,2040550700,1737332575269492384,1737332318744067793,audio
387733739,1351147258,2040550700,1737332576293492384,1737332318767403587,audio
387733739,1351147258,2040550700,1737332577317492384,1737332318802094401,audio
387733739,1351147258,2040550700,1737332578341492384,1737332318812112124,audio
387733739,1351147258,2040550700,1737332579365492384,1737332318835650549,audio
387733739,1351147258,2040550700,1737332580389492384,1737332318868905317,audio
387733739,1351147258,2040550700,1737332581413492384,1737332318870579888,audio
387733739,1351147258,2040550700,1737332582437492384,1737332318884872697,audio
387733739,1351147258,2040550700,1737332583461492384,1737332318910651674,audio
387733739,1351147258,2040550700,1737332278175492384,1737332318932396827,video
387733739,1351147258,2040550700,1737332584485492384,1737332318953426568,audio
387733739,1351147258,2040550700,1737332278178492384,1737332318966425191,video
387733739,1351147258,2040550700,1737332278192492384,1737332318974811044,video
387733739,1351147258,2040550700,1737332585509492384,1737332318982724471,audio
387733739,1351147258,2040550700,1737332278195992384,1737332318999547899,video
387733739,1351147258,2040550700,1737332278209492384,1737332319003302015,video
387733739,1351147258,2040550700,1737332586533492384,1737332319012409510,audio
387733739,1351147258,2040550700,1737332278212492384,1737332319033855983,video
387733739,1351147258,2040550700,1737332278226492384,1737332319036792168,video
387733739,1351147258,2040550700,1737332587557492384,1737332319040685172,audio
387733739,1351147258,2040550700,1737332588581492384,1737332319058567305,audio
387733739,1351147258,2040550700,1737332278229492384,1737332319067321491,video
387733739,1351147258,2040550700,1737332278243492384,1737332319070158822,video
387733739,1351147258,2040550700,1737332589605492384,1737332319081925748,audio
387733739,1351147258,2040550700,1737332278246492384,1737332319101412407,video
387733739,1351147258,2040550700,1737332590629492384,1737332319108414958,audio
387733739,1351147258,2040550700,1737332591653492384,1737332319109371136,audio
387733739,1351147258,2040550700,1737332278393992384,1737332319109547404,video
387733739,1351147258,2040550700,1737332592677492384,1737332319131361598,audio
387733739,1351147258,2040550700,1737332593701492384,1737332319154771110,audio
387733739,1351147258,2040550700,1737332278396992384,1737332319155197828,video
387733739,1351147258,2040550700,1737332278411992384,1737332319155734846,video
387733739,1351147258,2040550700,1737332594725492384,1737332319178219166,audio
387733739,1351147258,2040550700,1737332278414492384,1737332319179082723,video
387733739,1351147258,2040550700,1737332595749492384,1737332319201777542,audio
387733739,1351147258,2040550700,1737332596773492384,1737332319226318793,audio
387733739,1351147258,2040550700,1737332597797492384,1737332319249198534,audio
387733739,1351147258,2040550700,1737332598821492384,1737332319270817541,audio
387733739,1351147258,2040550700,1737332599845492384,1737332319293494315,audio
387733739,1351147258,2040550700,1737332600869492384,1737332319317015192,audio
387733739,1351147258,2040550700,1737332601893492384,1737332319340077664,audio
387733739,1351147258,2040550700,1737332602917492384,1737332319363414883,audio
387733739,1351147258,2040550700,1737332603941492384,1737332319385978908,audio
387733739,1351147258,2040550700,1737332604965492384,1737332319390847622,audio
387733739,1351147258,2040550700,1737332605989492384,1737332319411586873,audio
387733739,1351147258,2040550700,1737332278430492384,1737332319435010334,video
387733739,1351147258,2040550700,1737332607013492384,1737332319463688567,audio
387733739,1351147258,2040550700,1737332278432492384,1737332319468002320,video
387733739,1351147258,2040550700,1737332278447492384,1737332319477404947,video
387733739,1351147258,2040550700,1737332608037492384,1737332319488299391,audio
387733739,1351147258,2040550700,1737332278449492384,1737332319502416748,video
387733739,1351147258,2040550700,1737332278464492384,1737332319510758823,video
387733739,1351147258,2040550700,1737332609061492384,1737332319516576323,audio
387733739,1351147258,2040550700,1737332610085492384,1737332319536073717,audio
387733739,1351147258,2040550700,1737332278466492384,1737332319537191939,video
387733739,1351147258,2040550700,1737332278481492384,1737332319546773190,video
387733739,1351147258,2040550700,1737332611109492384,1737332319559258456,audio
387733739,1351147258,2040550700,1737332278483492384,1737332319572189045,video
387733739,1351147258,2040550700,1737332278498492384,1737332319578745467,video
387733739,1351147258,2040550700,1737332612133492384,1737332319584943139,audio
387733739,1351147258,2040550700,1737332278500492384,1737332319606506071,video
387733739,1351147258,2040550700,1737332613157492384,1737332319606665430,audio
387733739,1351147258,2040550700,1737332278652492384,1737332319616438616,video
387733739,1351147258,2040550700,1737332614181492384,1737332319638454667,audio
387733739,1351147258,2040550700,1737332615205492384,1737332319661899952,audio
387733739,1351147258,2040550700,1737332278657492384,1737332319662625094,video
387733739,1351147258,2040550700,1737332278669992384,1737332319663332096,video
387733739,1351147258,2040550700,1737332616229492384,1737332319685147671,audio
387733739,1351147258,2040550700,1737332278675992384,1737332319685770322,video
387733739,1351147258,2040550700,1737332617253492384,1737332319686278482,audio
387733739,1351147258,2040550700,1737332618277492384,1737332319708927489,audio
387733739,1351147258,2040550700,1737332619301492384,1737332319732372221,audio
387733739,1351147258,2040550700,1737332620325492384,1737332319756020403,audio
387733739,1351147258,2040550700,1737332621349492384,1737332319779163239,audio
387733739,1351147258,2040550700,1737332622373492384,1737332319802577710,audio
387733739,1351147258,2040550700,1737332623397492384,1737332319826358511,audio
387733739,1351147258,2040550700,1737332624421492384,1737332319847666159,audio
387733739,1351147258,2040550700,1737332625445492384,1737332319864522186,audio
387733739,1351147258,2040550700,1737332626469492384,1737332319888798976,audio
387733739,1351147258,2040550700,1737332627493492384,1737332319914864845,audio
387733739,1351147258,2040550700,1737332628517492384,1737332319933052674,audio
387733739,1351147258,2040550700,1737332278687492384,1737332319938496507,video
387733739,1351147258,2040550700,1737332629541492384,1737332319971394800,audio
387733739,1351147258,2040550700,1737332278693492384,1737332319972370534,video
387733739,1351147258,2040550700,1737332278704492384,1737332319989137325,video
387733739,1351147258,2040550700,1737332630565492384,1737332319997346578,audio
387733739,1351147258,2040550700,1737332278710992384,1737332320006186403,video
387733739,1351147258,2040550700,1737332278721492384,1737332320018347008,video
387733739,1351147258,2040550700,1737332631589492384,1737332320022590522,audio
387733739,1351147258,2040550700,1737332278727992384,1737332320041264046,video
387733739,1351147258,2040550700,1737332632613492384,1737332320043291205,audio
387733739,1351147258,2040550700,1737332278738492384,1737332320058208808,video
387733739,1351147258,2040550700,1737332633637492384,1737332320068663006,audio
387733739,1351147258,2040550700,1737332278744992384,1737332320074394883,video
387733739,1351147258,2040550700,1737332278755492384,1737332320090438351,video
387733739,1351147258,2040550700,1737332634661492384,1737332320094195332,audio
387733739,1351147258,2040550700,1737332278761992384,1737332320113728948,video
387733739,1351147258,2040550700,1737332635685492384,1737332320134385894,audio
387733739,1351147258,2040550700,1737332278912992384,1737332320135129187,video
387733739,1351147258,2040550700,1737332636709492384,1737332320140129010,audio
387733739,1351147258,2040550700,1737332278917992384,1737332320160387639,video
387733739,1351147258,2040550700,1737332278930492384,1737332320161065300,video
387733739,1351147258,2040550700,1737332637733492384,1737332320183213493,audio
387733739,1351147258,2040550700,1737332278937492384,1737332320183656177,video
387733739,1351147258,2040550700,1737332638757492384,1737332320206929892,audio
387733739,1351147258,2040550700,1737332639781492384,1737332320230158552,audio
387733739,1351147258,2040550700,1737332640805492384,1737332320254291669,audio
387733739,1351147258,2040550700,1737332641829492384,1737332320277543349,audio
387733739,1351147258,2040550700,1737332642853492384,1737332320279450321,audio
387733739,1351147258,2040550700,1737332643877492384,1737332320300589176,audio
387733739,1351147258,2040550700,1737332644901492384,1737332320324555162,audio
387733739,1351147258,2040550700,1737332645925492384,1737332320349631482,audio
387733739,1351147258,2040550700,1737332646949492384,1737332320379491656,audio
387733739,1351147258,2040550700,1737332647973492384,1737332320381758357,audio
387733739,1351147258,2040550700,1737332648997492384,1737332320398320679,audio
387733739,1351147258,2040550700,1737332650021492384,1737332320421646985,audio
387733739,1351147258,2040550700,1737332278947492384,1737332320446483182,video
387733739,1351147258,2040550700,1737332651045492384,1737332320477312660,audio
387733739,1351147258,2040550700,1737332278954992384,1737332320486088074,video
387733739,1351147258,2040550700,1737332278964492384,1737332320496991552,video
387733739,1351147258,2040550700,1737332652069492384,1737332320506525655,audio
387733739,1351147258,2040550700,1737332278971992384,1737332320514938974,video
387733739,1351147258,2040550700,1737332278981492384,1737332320520594156,video
387733739,1351147258,2040550700,1737332653093492384,1737332320531992684,audio
387733739,1351147258,2040550700,1737332654117492384,1737332320547228545,audio
387733739,1351147258,2040550700,1737332278988992384,1737332320548643340,video
387733739,1351147258,2040550700,1737332655141492384,1737332320565894832,audio
387733739,1351147258,2040550700,1737332278998492384,1737332320566325581,video
387733739,1351147258,2040550700,1737332656165492384,1737332320573945119,audio
387733739,1351147258,2040550700,1737332279005992384,1737332320582599396,video
387733739,1351147258,2040550700,1737332279015492384,1737332320590713530,video
387733739,1351147258,2040550700,1737332657189492384,1737332320599997862,audio
387733739,1351147258,2040550700,1737332279022992384,1737332320616359226,video
387733739,1351147258,2040550700,1737332658213492384,1737332320637290701,audio
387733739,1351147258,2040550700,1737332279164492384,1737332320637625844,video
387733739,1351147258,2040550700,1737332659237492384,1737332320660511143,audio
387733739,1351147258,2040550700,1737332279164992384,1737332320660805806,video
387733739,1351147258,2040550700,1737332279181492384,1737332320661236079,video
387733739,1351147258,2040550700,1737332660261492384,1737332320684424352,audio
387733739,1351147258,2040550700,1737332279182492384,1737332320685004095,video
387733739,1351147258,2040550700,1737332661285492384,1737332320705843116,audio
387733739,1351147258,2040550700,1737332662309492384,1737332320713875925,audio
387733739,1351147258,2040550700,1737332663333492384,1737332320737522663,audio
387733739,1351147258,2040550700,1737332664357492384,1737332320760419350,audio
387733739,1351147258,2040550700,1737332665381492384,1737332320783671491,audio
387733739,1351147258,2040550700,1737332666405492384,1737332320805006129,audio
387733739,1351147258,2040550700,1737332667429492384,1737332320825162384,audio
387733739,1351147258,2040550700,1737332668453492384,1737332320850552630,audio
387733739,1351147258,2040550700,1737332669477492384,1737332320876318150,audio
387733739,1351147258,2040550700,1737332670501492384,1737332320883829210,audio
387733739,1351147258,2040550700,1737332671525492384,1737332320901448463,audio
387733739,1351147258,2040550700,1737332672549492384,1737332320928037058,audio
387733739,1351147258,2040550700,1737332279198492384,1737332320952473985,video
387733739,1351147258,2040550700,1737332673573492384,1737332320983506952,audio
387733739,1351147258,2040550700,1737332279199492384,1737332320987197192,video
387733739,1351147258,2040550700,1737332279215492384,1737332320993331068,video
387733739,1351147258,2040550700,1737332674597492384,1737332321008080072,audio
387733739,1351147258,2040550700,1737332279216492384,1737332321021595168,video
387733739,1351147258,2040550700,1737332279232492384,1737332321026705763,video
387733739,1351147258,2040550700,1737332675621492384,1737332321031512210,audio
387733739,1351147258,2040550700,1737332676645492384,1737332321055072397,audio
387733739,1351147258,2040550700,1737332279233992384,1737332321055841655,video
387733739,1351147258,2040550700,1737332279249492384,1737332321063702010,video
387733739,1351147258,2040550700,1737332677669492384,1737332321078436216,audio
387733739,1351147258,2040550700,1737332279250992384,1737332321090347118,video
387733739,1351147258,2040550700,1737332279265992384,1737332321095328439,video
387733739,1351147258,2040550700,1737332678693492384,1737332321100360465,audio
387733739,1351147258,2040550700,1737332679717492384,1737332321110050269,audio
387733739,1351147258,2040550700,1737332680741492384,1737332321133527209,audio
387733739,1351147258,2040550700,1737332279267992384,1737332321133699377,video
387733739,1351147258,2040550700,1737332279415492384,1737332321135149576,video
387733739,1351147258,2040550700,1737332681765492384,1737332321156861369,audio
387733739,1351147258,2040550700,1737332682789492384,1737332321180213312,audio
387733739,1351147258,2040550700,1737332279419492384,1737332321180670166,video
387733739,1351147258,2040550700,1737332279432992384,1737332321181238846,video
387733739,1351147258,2040550700,1737332683813492384,1737332321203476243,audio
387733739,1351147258,2040550700,1737332279436992384,1737332321204078315,video
387733739,1351147258,2040550700,1737332684837492384,1737332321227106378,audio
387733739,1351147258,2040550700,1737332685861492384,1737332321248602745,audio
387733739,1351147258,2040550700,1737332686885492384,1737332321265757255,audio
387733739,1351147258,2040550700,1737332687909492384,1737332321289018897,audio
387733739,1351147258,2040550700,1737332688933492384,1737332321312519813,audio
387733739,1351147258,2040550700,1737332689957492384,1737332321335721376,audio
387733739,1351147258,2040550700,1737332690981492384,1737332321359425348,audio
387733739,1351147258,2040550700,1737332692005492384,1737332321381020241,audio
387733739,1351147258,2040550700,1737332693029492384,1737332321385779229,audio
387733739,1351147258,2040550700,1737332694053492384,1737332321406346677,audio
387733739,1351147258,2040550700,1737332695077492384,1737332321429506087,audio
387733739,1351147258,2040550700,1737332279449992384,1737332321455867421,video
387733739,1351147258,2040550700,1737332279453992384,1737332321494729354,video
387733739,1351147258,2040550700,1737332696101492384,1737332321499302709,audio
387733739,1351147258,2040550700,1737332279467492384,1737332321501987118,video
387733739,1351147258,2040550700,1737332697125492384,1737332321527105196,audio
387733739,1351147258,2040550700,1737332279470992384,1737332321530090961,video
387733739,1351147258,2040550700,1737332279484492384,1737332321536414360,video
387733739,1351147258,2040550700,1737332698149492384,1737332321550084128,audio
387733739,1351147258,2040550700,1737332279487992384,1737332321564339566,video
387733739,1351147258,2040550700,1737332279501492384,1737332321570459448,video
387733739,1351147258,2040550700,1737332699173492384,1737332321581952792,audio
387733739,1351147258,2040550700,1737332700197492384,1737332321596683240,audio
387733739,1351147258,2040550700,1737332279504992384,1737332321606180492,video
387733739,1351147258,2040550700,1737332279518992384,1737332321606908543,video
387733739,1351147258,2040550700,1737332701221492384,1737332321628895151,audio
387733739,1351147258,2040550700,1737332702245492384,1737332321652455816,audio
387733739,1351147258,2040550700,1737332279521992384,1737332321652907618,video
387733739,1351147258,2040550700,1737332279666992384,1737332321653542547,video
387733739,1351147258,2040550700,1737332703269492384,1737332321675789785,audio
387733739,1351147258,2040550700,1737332279669492384,1737332321676369970,video
387733739,1351147258,2040550700,1737332279684492384,1737332321677092815,video
387733739,1351147258,2040550700,1737332704293492384,1737332321699041316,audio
387733739,1351147258,2040550700,1737332705317492384,1737332321700127947,audio
387733739,1351147258,2040550700,1737332706341492384,1737332321722527220,audio
387733739,1351147258,2040550700,1737332279688492384,1737332321723060768,video
387733739,1351147258,2040550700,1737332707365492384,1737332321746374728,audio
387733739,1351147258,2040550700,1737332708389492384,1737332321769713811,audio
387733739,1351147258,2040550700,1737332709413492384,1737332321793295247,audio
387733739,1351147258,2040550700,1737332710437492384,1737332321814250053,audio
387733739,1351147258,2040550700,1737332711461492384,1737332321831336078,audio
387733739,1351147258,2040550700,1737332712485492384,1737332321854878548,audio
387733739,1351147258,2040550700,1737332713509492384,1737332321879199086,audio
387733739,1351147258,2040550700,1737332714533492384,1737332321901678969,audio
387733739,1351147258,2040550700,1737332715557492384,1737332321924863340,audio
387733739,1351147258,2040550700,1737332716581492384,1737332321946451491,audio
387733739,1351147258,2040550700,1737332717605492384,1737332321948546736,audio
387733739,1351147258,2040550700,1737332279701492384,1737332321973781533,video
387733739,1351147258,2040550700,1737332718629492384,1737332321998486843,audio
387733739,1351147258,2040550700,1737332279705492384,1737332322007080330,video
387733739,1351147258,2040550700,1737332279718992384,1737332322013082462,video
387733739,1351147258,2040550700,1737332719653492384,1737332322022249027,audio
387733739,1351147258,2040550700,1737332279722992384,1737332322042902011,video
387733739,1351147258,2040550700,1737332720677492384,1737332322046187826,audio
387733739,1351147258,2040550700,1737332279735992384,1737332322056452078,video
387733739,1351147258,2040550700,1737332721701492384,1737332322069406250,audio
387733739,1351147258,2040550700,1737332279739992384,1737332322076111886,video
387733739,1351147258,2040550700,1737332279752992384,1737332322085125618,video
387733739,1351147258,2040550700,1737332722725492384,1737332322093159645,audio
387733739,1351147258,2040550700,1737332279756992384,1737332322110906964,video
387733739,1351147258,2040550700,1737332723749492384,1737332322115773718,audio
387733739,1351147258,2040550700,1737332279769992384,1737332322125498196,video
387733739,1351147258,2040550700,1737332724773492384,1737332322147855565,audio
387733739,1351147258,2040550700,1737332279773492384,1737332322148374812,video
387733739,1351147258,2040550700,1737332725797492384,1737332322171160135,audio
387733739,1351147258,2040550700,1737332279921492384,1737332322171695580,video
387733739,1351147258,2040550700,1737332726821492384,1737332322194561173,audio
387733739,1351147258,2040550700,1737332279923492384,1737332322195262326,video
387733739,1351147258,2040550700,1737332279938992384,1737332322195844459,video
387733739,1351147258,2040550700,1737332727845492384,1737332322217901281,audio
387733739,1351147258,2040550700,1737332279940992384,1737332322218311911,video
387733739,1351147258,2040550700,1737332728869492384,1737332322241948918,audio
387733739,1351147258,2040550700,1737332729893492384,1737332322264938364,audio
387733739,1351147258,2040550700,1737332730917492384,1737332322267032912,audio
387733739,1351147258,2040550700,1737332731941492384,1737332322288329243,audio
387733739,1351147258,2040550700,1737332732965492384,1737332322311758136,audio
387733739,1351147258,2040550700,1737332733989492384,1737332322335994671,audio
387733739,1351147258,2040550700,1737332735013492384,1737332322359998664,audio
387733739,1351147258,2040550700,1737332736037492384,1737332322377106222,audio
387733739,1351147258,2040550700,1737332737061492384,1737332322396859795,audio
387733739,1351147258,2040550700,1737332738085492384,1737332322419808827,audio
387733739,1351147258,2040550700,1737332739109492384,1737332322443443742,audio
387733739,1351147258,2040550700,1737332279955992384,1737332322468260347,video
387733739,1351147258,2040550700,1737332740133492384,1737332322496550343,audio
387733739,1351147258,2040550700,1737332279957992384,1737332322505320814,video
387733739,1351147258,2040550700,1737332279972992384,1737332322506926337,video
387733739,1351147258,2040550700,1737332741157492384,1737332322520889058,audio
387733739,1351147258,2040550700,1737332279974992384,1737332322537671944,video
387733739,1351147258,2040550700,1737332279989992384,1737332322540572957,video
387733739,1351147258,2040550700,1737332742181492384,1737332322545148036,audio
387733739,1351147258,2040550700,1737332743205492384,1737332322546738290,audio
387733739,1351147258,2040550700,1737332744229492384,1737332322567121021,audio
387733739,1351147258,2040550700,1737332279991992384,1737332322571426932,video
387733739,1351147258,2040550700,1737332280006992384,1737332322575894331,video
387733739,1351147258,2040550700,1737332745253492384,1737332322589828837,audio
387733739,1351147258,2040550700,1737332280008992384,1737332322606955570,video
387733739,1351147258,2040550700,1737332746277492384,1737332322618583728,audio
387733739,1351147258,2040550700,1737332280023992384,1737332322618913489,video
387733739,1351147258,2040550700,1737332747301492384,1737332322643171202,audio
387733739,1351147258,2040550700,1737332280025992384,1737332322643304516,video
387733739,1351147258,2040550700,1737332748325492384,1737332322663277882,audio
387733739,1351147258,2040550700,1737332280174492384,1737332322664303904,video
387733739,1351147258,2040550700,1737332280177492384,1737332322674834471,video
387733739,1351147258,2040550700,1737332749349492384,1737332322688508848,audio
387733739,1351147258,2040550700,1737332280192492384,1737332322688970207,video
387733739,1351147258,2040550700,1737332750373492384,1737332322712235659,audio
387733739,1351147258,2040550700,1737332280194992384,1737332322712565258,video
387733739,1351147258,2040550700,1737332751397492384,1737332322735350849,audio
387733739,1351147258,2040550700,1737332752421492384,1737332322759043782,audio
387733739,1351147258,2040550700,1737332753445492384,1737332322782531430,audio
387733739,1351147258,2040550700,1737332754469492384,1737332322805925784,audio
387733739,1351147258,2040550700,1737332755493492384,1737332322807897941,audio
387733739,1351147258,2040550700,1737332756517492384,1737332322831373757,audio
387733739,1351147258,2040550700,1737332757541492384,1737332322854211646,audio
387733739,1351147258,2040550700,1737332758565492384,1737332322871333446,audio
387733739,1351147258,2040550700,1737332759589492384,1737332322894984166,audio
387733739,1351147258,2040550700,1737332760613492384,1737332322918382739,audio
387733739,1351147258,2040550700,1737332761637492384,1737332322943843104,audio
387733739,1351147258,2040550700,1737332280209492384,1737332322967144132,video
387733739,1351147258,2040550700,1737332762661492384,1737332322997424232,audio
387733739,1351147258,2040550700,1737332280212492384,1737332323003323127,video
387733739,1351147258,2040550700,1737332280226992384,1737332323009839186,video
387733739,1351147258,2040550700,1737332763685492384,1737332323022240689,audio
387733739,1351147258,2040550700,1737332280229492384,1737332323036837283,video
387733739,1351147258,2040550700,1737332280243992384,1737332323044600230,video
387733739,1351147258,2040550700,1737332764709492384,1737332323045288685,audio
387733739,1351147258,2040550700,1737332280246492384,1737332323070638962,video
387733739,1351147258,2040550700,1737332765733492384,1737332323073677032,audio
387733739,1351147258,2040550700,1737332280260992384,1737332323080426378,video
387733739,1351147258,2040550700,1737332766757492384,1737332323096562459,audio
387733739,1351147258,2040550700,1737332280263492384,1737332323114464122,video
387733739,1351147258,2040550700,1737332280277992384,1737332323115193327,video
387733739,1351147258,2040550700,1737332767781492384,1737332323137246450,audio
387733739,1351147258,2040550700,1737332768805492384,1737332323138320228,audio
387733739,1351147258,2040550700,1737332769829492384,1737332323160744351,audio
387733739,1351147258,2040550700,1737332280280492384,1737332323161158427,video
387733739,1351147258,2040550700,1737332280425992384,1737332323161832578,video
387733739,1351147258,2040550700,1737332770853492384,1737332323183882177,audio
387733739,1351147258,2040550700,1737332280430992384,1737332323184306922,video
387733739,1351147258,2040550700,1737332280445492384,1737332323184755639,video
387733739,1351147258,2040550700,1737332771877492384,1737332323207889160,audio
387733739,1351147258,2040550700,1737332280449492384,1737332323208469112,video
387733739,1351147258,2040550700,1737332772901492384,1737332323229386913,audio
387733739,1351147258,2040550700,1737332773925492384,1737332323236737214,audio
387733739,1351147258,2040550700,1737332774949492384,1737332323260687893,audio
387733739,1351147258,2040550700,1737332775973492384,1737332323284282555,audio
387733739,1351147258,2040550700,1737332776997492384,1737332323307661837,audio
387733739,1351147258,2040550700,1737332778021492384,1737332323331360685,audio
387733739,1351147258,2040550700,1737332779045492384,1737332323354011315,audio
387733739,1351147258,2040550700,1737332780069492384,1737332323375590924,audio
387733739,1351147258,2040550700,1737332781093492384,1737332323378784298,audio
387733739,1351147258,2040550700,1737332782117492384,1737332323401205487,audio
387733739,1351147258,2040550700,1737332783141492384,1737332323424285040,audio
387733739,1351147258,2040550700,1737332784165492384,1737332323447602297,audio
387733739,1351147258,2040550700,1737332280463992384,1737332323475546110,video
387733739,1351147258,2040550700,1737332785189492384,1737332323503220263,audio
387733739,1351147258,2040550700,1737332280466992384,1737332323510821001,video
387733739,1351147258,2040550700,1737332280480992384,1737332323519254054,video
387733739,1351147258,2040550700,1737332786213492384,1737332323526473649,audio
387733739,1351147258,2040550700,1737332280483992384,1737332323545413283,video
387733739,1351147258,2040550700,1737332280497992384,1737332323552138648,video
387733739,1351147258,2040550700,1737332787237492384,1737332323564877978,audio
387733739,1351147258,2040550700,1737332788261492384,1737332323572858576,audio
387733739,1351147258,2040550700,1737332280500492384,1737332323589599097,video
387733739,1351147258,2040550700,1737332280514492384,1737332323590562104,video
387733739,1351147258,2040550700,1737332789285492384,1737332323611627191,audio
387733739,1351147258,2040550700,1737332790309492384,1737332323634875411,audio
387733739,1351147258,2040550700,1737332280517492384,1737332323635409027,video
387733739,1351147258,2040550700,1737332280531492384,1737332323636036929,video
387733739,1351147258,2040550700,1737332791333492384,1737332323659122210,audio
387733739,1351147258,2040550700,1737332280534492384,1737332323659639000,video
387733739,1351147258,2040550700,1737332280684992384,1737332323660600666,video
387733739,1351147258,2040550700,1737332792357492384,1737332323681602680,audio
387733739,1351147258,2040550700,1737332280687492384,1737332323682129336,video
387733739,1351147258,2040550700,1737332793381492384,1737332323682831377,audio
387733739,1351147258,2040550700,1737332794405492384,1737332323704888201,audio
387733739,1351147258,2040550700,1737332280702492384,1737332323705405121,video
387733739,1351147258,2040550700,1737332795429492384,1737332323728466270,audio
387733739,1351147258,2040550700,1737332280706492384,1737332323728878640,video
387733739,1351147258,2040550700,1737332796453492384,1737332323751874393,audio
387733739,1351147258,2040550700,1737332797477492384,1737332323773455705,audio
387733739,1351147258,2040550700,1737332798501492384,1737332323783025095,audio
387733739,1351147258,2040550700,1737332799525492384,1737332323806335983,audio
387733739,1351147258,2040550700,1737332800549492384,1737332323829697939,audio
387733739,1351147258,2040550700,1737332801573492384,1737332323853108843,audio
387733739,1351147258,2040550700,1737332802597492384,1737332323876501120,audio
387733739,1351147258,2040550700,1737332803621492384,1737332323899848392,audio
387733739,1351147258,2040550700,1737332804645492384,1737332323923198940,audio
387733739,1351147258,2040550700,1737332805669492384,1737332323944764277,audio
387733739,1351147258,2040550700,1737332806693492384,1737332323946645300,audio
387733739,1351147258,2040550700,1737332280719492384,1737332323971168336,video
387733739,1351147258,2040550700,1737332807717492384,1737332323986574443,audio
387733739,1351147258,2040550700,1737332280723992384,1737332324004574233,video
387733739,1351147258,2040550700,1737332280736992384,1737332324008195551,video
387733739,1351147258,2040550700,1737332808741492384,1737332324024823813,audio
387733739,1351147258,2040550700,1737332809765492384,1737332324034014795,audio
387733739,1351147258,2040550700,1737332280740992384,1737332324038425899,video
387733739,1351147258,2040550700,1737332280753992384,1737332324048081916,video
387733739,1351147258,2040550700,1737332810789492384,1737332324069332403,audio
387733739,1351147258,2040550700,1737332280757992384,1737332324072344597,video
387733739,1351147258,2040550700,1737332811813492384,1737332324094511725,audio
387733739,1351147258,2040550700,1737332280770992384,1737332324095063983,video
387733739,1351147258,2040550700,1737332812837492384,1737332324118267867,audio
387733739,1351147258,2040550700,1737332280774992384,1737332324118723096,video
387733739,1351147258,2040550700,1737332280787992384,1737332324119495077,video
387733739,1351147258,2040550700,1737332813861492384,1737332324142159349,audio
387733739,1351147258,2040550700,1737332280791992384,1737332324143328968,video
387733739,1351147258,2040550700,1737332814885492384,1737332324165178450,audio
387733739,1351147258,2040550700,1737332280932492384,1737332324166005804,video
387733739,1351147258,2040550700,1737332815909492384,1737332324188772772,audio
387733739,1351147258,2040550700,1737332280933992384,1737332324189327595,video
387733739,1351147258,2040550700,1737332280950492384,1737332324190264737,video
387733739,1351147258,2040550700,1737332816933492384,1737332324211940500,audio
387733739,1351147258,2040550700,1737332280951992384,1737332324212749711,video
387733739,1351147258,2040550700,1737332817957492384,1737332324235323275,audio
387733739,1351147258,2040550700,1737332818981492384,1737332324237789164,audio
387733739,1351147258,2040550700,1737332820005492384,1737332324258785585,audio
387733739,1351147258,2040550700,1737332821029492384,1737332324282132372,audio
387733739,1351147258,2040550700,1737332822053492384,1737332324307854162,audio
387733739,1351147258,2040550700,1737332823077492384,1737332324332535426,audio
387733739,1351147258,2040550700,1737332824101492384,1737332324341859796,audio
387733739,1351147258,2040550700,1737332825125492384,1737332324361285044,audio
387733739,1351147258,2040550700,1737332826149492384,1737332324384911378,audio
387733739,1351147258,2040550700,1737332827173492384,1737332324408465584,audio
387733739,1351147258,2040550700,1737332828197492384,1737332324432218932,audio
387733739,1351147258,2040550700,1737332280967492384,1737332324458997971,video
387733739,1351147258,2040550700,1737332829221492384,1737332324486266991,audio
387733739,1351147258,2040550700,1737332280969492384,1737332324494052287,video
387733739,1351147258,2040550700,1737332280984992384,1737332324501657356,video
387733739,1351147258,2040550700,1737332830245492384,1737332324512702159,audio
387733739,1351147258,2040550700,1737332831269492384,1737332324514707215,audio
387733739,1351147258,2040550700,1737332280986492384,1737332324528414703,video
387733739,1351147258,2040550700,1737332832293492384,1737332324533052078,audio
387733739,1351147258,2040550700,1737332281001992384,1737332324543446717,video
387733739,1351147258,2040550700,1737332833317492384,1737332324565942802,audio
387733739,1351147258,2040550700,1737332281003492384,1737332324566320042,video
387733739,1351147258,2040550700,1737332834341492384,1737332324589340892,audio
387733739,1351147258,2040550700,1737332281018992384,1737332324589726319,video
387733739,1351147258,2040550700,1737332835365492384,1737332324610770417,audio
387733739,1351147258,2040550700,1737332281021492384,1737332324611475652,video
387733739,1351147258,2040550700,1737332281035992384,1737332324612468804,video
387733739,1351147258,2040550700,1737332836389492384,1737332324626716989,audio
387733739,1351147258,2040550700,1737332281038492384,1737332324636665492,video
387733739,1351147258,2040550700,1737332837413492384,1737332324659572145,audio
387733739,1351147258,2040550700,1737332281181492384,1737332324660037791,video
387733739,1351147258,2040550700,1737332838437492384,1737332324682811650,audio
387733739,1351147258,2040550700,1737332281183492384,1737332324683795579,video
387733739,1351147258,2040550700,1737332281199992384,1737332324684600837,video
387733739,1351147258,2040550700,1737332839461492384,1737332324706162337,audio
387733739,1351147258,2040550700,1737332281202992384,1737332324706631062,video
387733739,1351147258,2040550700,1737332840485492384,1737332324729812791,audio
387733739,1351147258,2040550700,1737332841509492384,1737332324753084834,audio
387733739,1351147258,2040550700,1737332842533492384,1737332324776774139,audio
387733739,1351147258,2040550700,1737332843557492384,1737332324778660280,audio
387733739,1351147258,2040550700,1737332844581492384,1737332324801033273,audio
387733739,1351147258,2040550700,1737332845605492384,1737332324831012309,audio
387733739,1351147258,2040550700,1737332846629492384,1737332324839402045,audio
387733739,1351147258,2040550700,1737332847653492384,1737332324861610266,audio
387733739,1351147258,2040550700,1737332848677492384,1737332324884795467,audio
387733739,1351147258,2040550700,1737332849701492384,1737332324909496166,audio
387733739,1351147258,2040550700,1737332850725492384,1737332324931326630,audio
387733739,1351147258,2040550700,1737332281216992384,1737332324955832652,video
387733739,1351147258,2040550700,1737332851749492384,1737332324981042930,audio
387733739,1351147258,2040550700,1737332281221492384,1737332324989736364,video
387733739,1351147258,2040550700,1737332281233992384,1737332324997798681,video
387733739,1351147258,2040550700,1737332852773492384,1737332325005409027,audio
387733739,1351147258,2040550700,1737332281238992384,1737332325024371647,video
387733739,1351147258,2040550700,1737332853797492384,1737332325026543965,audio
387733739,1351147258,2040550700,1737332281250992384,1737332325042116742,video
387733739,1351147258,2040550700,1737332854821492384,1737332325064790775,audio
387733739,1351147258,2040550700,1737332281255992384,1737332325065443890,video
387733739,1351147258,2040550700,1737332855845492384,1737332325087972640,audio
387733739,1351147258,2040550700,1737332281267992384,1737332325088622582,video
387733739,1351147258,2040550700,1737332856869492384,1737332325089608710,audio
387733739,1351147258,2040550700,1737332857893492384,1737332325111310119,audio
387733739,1351147258,2040550700,1737332281272492384,1737332325112703615,video
387733739,1351147258,2040550700,1737332281284992384,1737332325113495334,video
387733739,1351147258,2040550700,1737332858917492384,1737332325134616444,audio
387733739,1351147258,2040550700,1737332281289492384,1737332325135622692,video
387733739,1351147258,2040550700,1737332859941492384,1737332325158064682,audio
387733739,1351147258,2040550700,1737332281434992384,1737332325158633944,video
387733739,1351147258,2040550700,1737332860965492384,1737332325179477008,audio
387733739,1351147258,2040550700,1737332281438492384,1737332325180468317,video
387733739,1351147258,2040550700,1737332281454492384,1737332325181521139,video
387733739,1351147258,2040550700,1737332861989492384,1737332325190288572,audio
387733739,1351147258,2040550700,1737332281455992384,1737332325205848176,video
387733739,1351147258,2040550700,1737332863013492384,1737332325228407197,audio
387733739,1351147258,2040550700,1737332864037492384,1737332325252117781,audio
387733739,1351147258,2040550700,1737332865061492384,1737332325275712884,audio
387733739,1351147258,2040550700,1737332866085492384,1737332325300032233,audio
387733739,1351147258,2040550700,1737332867109492384,1737332325327550047,audio
387733739,1351147258,2040550700,1737332868133492384,1737332325333371011,audio
387733739,1351147258,2040550700,1737332869157492384,1737332325335844311,audio
387733739,1351147258,2040550700,1737332870181492384,1737332325354401891,audio
387733739,1351147258,2040550700,1737332871205492384,1737332325377953015,audio
387733739,1351147258,2040550700,1737332872229492384,1737332325401821065,audio
387733739,1351147258,2040550700,1737332873253492384,1737332325424393547,audio
387733739,1351147258,2040550700,1737332281471992384,1737332325450745935,video
387733739,1351147258,2040550700,1737332281474992384,1737332325485176011,video
387733739,1351147258,2040550700,1737332874277492384,1737332325488585507,audio
387733739,1351147258,2040550700,1737332281488492384,1737332325498792765,video
387733739,1351147258,2040550700,1737332875301492384,1737332325507621788,audio
387733739,1351147258,2040550700,1737332281491992384,1737332325518308361,video
387733739,1351147258,2040550700,1737332281505492384,1737332325526069896,video
387733739,1351147258,2040550700,1737332876325492384,1737332325539183884,audio
387733739,1351147258,2040550700,1737332281508992384,1737332325552342641,video
387733739,1351147258,2040550700,1737332877349492384,1737332325563013309,audio
387733739,1351147258,2040550700,1737332281522492384,1737332325564246002,video
387733739,1351147258,2040550700,1737332878373492384,1737332325586099910,audio
387733739,1351147258,2040550700,1737332281525992384,1737332325586729434,video
387733739,1351147258,2040550700,1737332879397492384,1737332325609439190,audio
387733739,1351147258,2040550700,1737332281539492384,1737332325610083516,video
387733739,1351147258,2040550700,1737332880421492384,1737332325632726991,audio
387733739,1351147258,2040550700,1737332281542992384,1737332325633431404,video
387733739,1351147258,2040550700,1737332281683992384,1737332325634371775,video
387733739,1351147258,2040550700,1737332881445492384,1737332325635366632,audio
387733739,1351147258,2040550700,1737332882469492384,1737332325656395735,audio
387733739,1351147258,2040550700,1737332281685492384,1737332325657009990,video
387733739,1351147258,2040550700,1737332883493492384,1737332325679304688,audio
387733739,1351147258,2040550700,1737332281700992384,1737332325679904149,video
387733739,1351147258,2040550700,1737332884517492384,1737332325702698934,audio
387733739,1351147258,2040550700,1737332281703492384,1737332325703484472,video
387733739,1351147258,2040550700,1737332885541492384,1737332325724245770,audio
387733739,1351147258,2040550700,1737332886565492384,1737332325743665456,audio
387733739,1351147258,2040550700,1737332887589492384,1737332325766789069,audio
387733739,1351147258,2040550700,1737332888613492384,1737332325790622641,audio
387733739,1351147258,2040550700,1737332889637492384,1737332325813696735,audio
387733739,1351147258,2040550700,1737332890661492384,1737332325837396908,audio
387733739,1351147258,2040550700,1737332891685492384,1737332325860315462,audio
387733739,1351147258,2040550700,1737332892709492384,1737332325884183725,audio
387733739,1351147258,2040550700,1737332893733492384,1737332325906711260,audio
387733739,1351147258,2040550700,1737332894757492384,1737332325911159422,audio
387733739,1351147258,2040550700,1737332895781492384,1737332325930852911,audio
387733739,1351147258,2040550700,1737332281717992384,1737332325956494977,video
387733739,1351147258,2040550700,1737332896805492384,1737332325983914400,audio
387733739,1351147258,2040550700,1737332281720492384,1737332325989950115,video
387733739,1351147258,2040550700,1737332281734992384,1737332325993734739,video
387733739,1351147258,2040550700,1737332897829492384,1737332326007123090,audio
387733739,1351147258,2040550700,1737332281737492384,1737332326025576108,video
387733739,1351147258,2040550700,1737332898853492384,1737332326030518674,audio
387733739,1351147258,2040550700,1737332281751492384,1737332326037173031,video
387733739,1351147258,2040550700,1737332899877492384,1737332326053173589,audio
387733739,1351147258,2040550700,1737332281754492384,1737332326059829031,video
387733739,1351147258,2040550700,1737332281768492384,1737332326066758518,video
387733739,1351147258,2040550700,1737332900901492384,1737332326087756329,audio
387733739,1351147258,2040550700,1737332901925492384,1737332326110537302,audio
387733739,1351147258,2040550700,1737332281771492384,1737332326111033751,video
387733739,1351147258,2040550700,1737332281785992384,1737332326111754624,video
387733739,1351147258,2040550700,1737332902949492384,1737332326133700227,audio
387733739,1351147258,2040550700,1737332281788492384,1737332326135313969,video
387733739,1351147258,2040550700,1737332903973492384,1737332326157039920,audio
387733739,1351147258,2040550700,1737332281927492384,1737332326158215450,video
387733739,1351147258,2040550700,1737332904997492384,1737332326180489269,audio
387733739,1351147258,2040550700,1737332281931492384,1737332326181452966,video
387733739,1351147258,2040550700,1737332281944992384,1737332326182179168,video
387733739,1351147258,2040550700,1737332906021492384,1737332326203780171,audio
387733739,1351147258,2040550700,1737332281949992384,1737332326204501210,video
387733739,1351147258,2040550700,1737332907045492384,1737332326205648994,audio
387733739,1351147258,2040550700,1737332908069492384,1737332326227496652,audio
387733739,1351147258,2040550700,1737332909093492384,1737332326250734482,audio
387733739,1351147258,2040550700,1737332910117492384,1737332326274713742,audio
387733739,1351147258,2040550700,1737332911141492384,1737332326295488561,audio
387733739,1351147258,2040550700,1737332912165492384,1737332326310586268,audio
387733739,1351147258,2040550700,1737332913189492384,1737332326334231353,audio
387733739,1351147258,2040550700,1737332914213492384,1737332326357245453,audio
387733739,1351147258,2040550700,1737332915237492384,1737332326380976218,audio
387733739,1351147258,2040550700,1737332916261492384,1737332326404117146,audio
387733739,1351147258,2040550700,1737332917285492384,1737332326428175895,audio
387733739,1351147258,2040550700,1737332918309492384,1737332326448791508,audio
387733739,1351147258,2040550700,1737332281961992384,1737332326454721153,video
387733739,1351147258,2040550700,1737332919333492384,1737332326479747522,audio
387733739,1351147258,2040550700,1737332281966992384,1737332326487450967,video
387733739,1351147258,2040550700,1737332281978992384,1737332326495440794,video
387733739,1351147258,2040550700,1737332920357492384,1737332326503738952,audio
387733739,1351147258,2040550700,1737332281983992384,1737332326526080025,video
387733739,1351147258,2040550700,1737332281995992384,1737332326527394195,video
387733739,1351147258,2040550700,1737332921381492384,1737332326539042920,audio
387733739,1351147258,2040550700,1737332922405492384,1737332326548665981,audio
387733739,1351147258,2040550700,1737332282000992384,1737332326564584973,video
387733739,1351147258,2040550700,1737332282012992384,1737332326565107871,video
387733739,1351147258,2040550700,1737332923429492384,1737332326585104129,audio
387733739,1351147258,2040550700,1737332282017992384,1737332326593665438,video
387733739,1351147258,2040550700,1737332924453492384,1737332326610325868,audio
387733739,1351147258,2040550700,1737332282029992384,1737332326610978163,video
387733739,1351147258,2040550700,1737332925477492384,1737332326633786849,audio
387733739,1351147258,2040550700,1737332282034992384,1737332326634193110,video
387733739,1351147258,2040550700,1737332282175992384,1737332326634746631,video
387733739,1351147258,2040550700,1737332926501492384,1737332326657349351,audio
387733739,1351147258,2040550700,1737332927525492384,1737332326680713659,audio
387733739,1351147258,2040550700,1737332282179992384,1737332326681285764,video
387733739,1351147258,2040550700,1737332282193492384,1737332326681930520,video
387733739,1351147258,2040550700,1737332928549492384,1737332326704007020,audio
387733739,1351147258,2040550700,1737332282197492384,1737332326704416063,video
387733739,1351147258,2040550700,1737332929573492384,1737332326727679617,audio
387733739,1351147258,2040550700,1737332930597492384,1737332326751185906,audio
387733739,1351147258,2040550700,1737332931621492384,1737332326774789371,audio
387733739,1351147258,2040550700,1737332932645492384,1737332326776543557,audio
387733739,1351147258,2040550700,1737332933669492384,1737332326800092973,audio
387733739,1351147258,2040550700,1737332934693492384,1737332326833390472,audio
387733739,1351147258,2040550700,1737332935717492384,1737332326836136925,audio
387733739,1351147258,2040550700,1737332936741492384,1737332326853767826,audio
387733739,1351147258,2040550700,1737332937765492384,1737332326877854150,audio
387733739,1351147258,2040550700,1737332938789492384,1737332326900443499,audio
387733739,1351147258,2040550700,1737332939813492384,1737332326923799121,audio
387733739,1351147258,2040550700,1737332282210992384,1737332326948847636,video
387733739,1351147258,2040550700,1737332282214492384,1737332326983991873,video
387733739,1351147258,2040550700,1737332282227992384,1737332326991052493,video
387733739,1351147258,2040550700,1737332940837492384,1737332326993215649,audio
387733739,1351147258,2040550700,1737332282232492384,1737332327016459684,video
387733739,1351147258,2040550700,1737332941861492384,1737332327018680366,audio
387733739,1351147258,2040550700,1737332282244992384,1737332327032972592,video
387733739,1351147258,2040550700,1737332942885492384,1737332327041900801,audio
387733739,1351147258,2040550700,1737332282249492384,1737332327056700583,video
387733739,1351147258,2040550700,1737332943909492384,1737332327079607291,audio
387733739,1351147258,2040550700,1737332282261992384,1737332327080197565,video
387733739,1351147258,2040550700,1737332944933492384,1737332327080798499,audio
387733739,1351147258,2040550700,1737332945957492384,1737332327102853209,audio
387733739,1351147258,2040550700,1737332282266992384,1737332327103209358,video
387733739,1351147258,2040550700,1737332282278992384,1737332327103745831,video
387733739,1351147258,2040550700,1737332946981492384,1737332327126307700,audio
387733739,1351147258,2040550700,1737332282283992384,1737332327126856498,video
387733739,1351147258,2040550700,1737332282423492384,1737332327127426334,video
387733739,1351147258,2040550700,1737332948005492384,1737332327149717917,audio
387733739,1351147258,2040550700,1737332949029492384,1737332327171335399,audio
387733739,1351147258,2040550700,1737332282425492384,1737332327171957757,video
387733739,1351147258,2040550700,1737332282440492384,1737332327172681968,video
387733739,1351147258,2040550700,1737332950053492384,1737332327181670616,audio
387733739,1351147258,2040550700,1737332282444492384,1737332327196784723,video
387733739,1351147258,2040550700,1737332951077492384,1737332327219751484,audio
387733739,1351147258,2040550700,1737332952101492384,1737332327243343452,audio
387733739,1351147258,2040550700,1737332953125492384,1737332327267049428,audio
387733739,1351147258,2040550700,1737332954149492384,1737332327292133853,audio
387733739,1351147258,2040550700,1737332955173492384,1737332327315749753,audio
387733739,1351147258,2040550700,1737332956197492384,1737332327342300128,audio
387733739,1351147258,2040550700,1737332957221492384,1737332327344691290,audio
387733739,1351147258,2040550700,1737332958245492384,1737332327349111784,audio
387733739,1351147258,2040550700,1737332959269492384,1737332327369102062,audio
387733739,1351147258,2040550700,1737332960293492384,1737332327393111624,audio
387733739,1351147258,2040550700,1737332961317492384,1737332327415775158,audio
387733739,1351147258,2040550700,1737332962341492384,1737332327441655938,audio
387733739,1351147258,2040550700,1737332282457492384,1737332327466176217,video
387733739,1351147258,2040550700,1737332282461492384,1737332327499963432,video
387733739,1351147258,2040550700,1737332282474492384,1737332327512335948,video
387733739,1351147258,2040550700,1737332963365492384,1737332327514180405,audio
387733739,1351147258,2040550700,1737332282478492384,1737332327536161025,video
387733739,1351147258,2040550700,1737332964389492384,1737332327537681108,audio
387733739,1351147258,2040550700,1737332282491492384,1737332327555158568,video
387733739,1351147258,2040550700,1737332965413492384,1737332327563167282,audio
387733739,1351147258,2040550700,1737332282495492384,1737332327581287082,video
387733739,1351147258,2040550700,1737332282508492384,1737332327582013198,video
387733739,1351147258,2040550700,1737332966437492384,1737332327604225678,audio
387733739,1351147258,2040550700,1737332282512492384,1737332327604693661,video
387733739,1351147258,2040550700,1737332967461492384,1737332327627483539,audio
387733739,1351147258,2040550700,1737332282525492384,1737332327627862061,video
387733739,1351147258,2040550700,1737332968485492384,1737332327650751820,audio
387733739,1351147258,2040550700,1737332282529492384,1737332327651300461,video
387733739,1351147258,2040550700,1737332282676492384,1737332327651932157,video
387733739,1351147258,2040550700,1737332969509492384,1737332327674494349,audio
387733739,1351147258,2040550700,1737332282677992384,1737332327674934945,video
387733739,1351147258,2040550700,1737332970533492384,1737332327675989623,audio
387733739,1351147258,2040550700,1737332971557492384,1737332327697377402,audio
387733739,1351147258,2040550700,1737332282693992384,1737332327697862599,video
387733739,1351147258,2040550700,1737332282697992384,1737332327721539566,video
